Market,Name,contact number,email,Address
Education,NEU,8576544701,abc@gmail.com,abc
Education,Harvard,8576544701,abc@gmail.com,abc
Education,Stanford,8576544701,abc@gmail.com,abc
Education,Yale,8576544701,abc@gmail.com,abc
Education,Columbia,8576544701,abc@gmail.com,abc
Education,UCB,8576544701,abc@gmail.com,abc
Education,UCSD,8576544701,abc@gmail.com,abc
Education,Gonzaga,8576544701,abc@gmail.com,abc
Education,Clemson,8576544701,abc@gmail.com,abc
Education,Duke,8576544701,abc@gmail.com,abc
Education,Cornell,8576544701,abc@gmail.com,abc
Education,Purdue,8576544701,abc@gmail.com,abc
Education,MIT,8576544701,abc@gmail.com,abc
Education,USC,8576544701,abc@gmail.com,abc
Education,Rutgers,8576544701,abc@gmail.com,abc
Education,Syracuse,8576544701,abc@gmail.com,abc
Education,IITC,8576544701,abc@gmail.com,abc
Education,UIC,8576544701,abc@gmail.com,abc
Education,NYU,8576544701,abc@gmail.com,abc
Education,NYUTandon,8576544701,abc@gmail.com,abc
Banking,Bofa,8576544701,abc@gmail.com,abc
Banking,Chase,8576544701,abc@gmail.com,abc
Banking,Santander,8576544701,abc@gmail.com,abc
Banking,Citigroup,8576544701,abc@gmail.com,abc
Banking,HDFC,8576544701,abc@gmail.com,abc
Banking,Wells,8576544701,abc@gmail.com,abc
Banking,Barclays,8576544701,abc@gmail.com,abc
Banking,HSBC,8576544701,abc@gmail.com,abc
Banking,Credit suisse,8576544701,abc@gmail.com,abc
Banking,Deutche,8576544701,abc@gmail.com,abc
Banking,AmericanExpress,8576544701,abc@gmail.com,abc
Banking,BNP,8576544701,abc@gmail.com,abc
Banking,DiscoverFinancial,8576544701,abc@gmail.com,abc
Banking,SiliconValley,8576544701,abc@gmail.com,abc
Banking,Signature,8576544701,abc@gmail.com,abc
Banking,NY,8576544701,abc@gmail.com,abc
Banking,MBS,8576544701,abc@gmail.com,abc
Banking,MT,8576544701,abc@gmail.com,abc
Banking,BMOHarris,8576544701,abc@gmail.com,abc
Banking,Synchrony,8576544701,abc@gmail.com,abc
Insurance,AARP,8576544701,abc@gmail.com,abc
Insurance,Acuty,8576544701,abc@gmail.com,abc
Insurance,Aetna,8576544701,abc@gmail.com,abc
Insurance,Aflac,8576544701,abc@gmail.com,abc
Insurance,Gainsco,8576544701,abc@gmail.com,abc
Insurance,InsureScan,8576544701,abc@gmail.com,abc
Insurance,Ironshore,8576544701,abc@gmail.com,abc
Insurance,KK,8576544701,abc@gmail.com,abc
Insurance,Liberty ,8576544701,abc@gmail.com,abc
Insurance,Lincoln,8576544701,abc@gmail.com,abc
Insurance,Markel,8576544701,abc@gmail.com,abc
Insurance,MetLife,8576544701,abc@gmail.com,abc
Insurance,NationalLife,8576544701,abc@gmail.com,abc
Insurance,NYLIC,8576544701,abc@gmail.com,abc
Insurance,Omega,8576544701,abc@gmail.com,abc
Insurance,Triwest,8576544701,abc@gmail.com,abc
Insurance,Tricare,8576544701,abc@gmail.com,abc
Insurance,CountryFinancial,8576544701,abc@gmail.com,abc
Insurance,Esurance,8576544701,abc@gmail.com,abc
Insurance,CampVA,8576544701,abc@gmail.com,abc
