firstName,lastName,age
Emma,Liam,41
Olivia ,Noha,31
Ava,Lucas,25
Logan,Mason,26
Sophia,Oliver,27
Mia,James,28
Aiden,Paul,29
Aria,Ella,30
Emillia,Sebastian,31
Abigail,Alexander,32
Jacob,Avery,33
Carter,Scarlet,34
Michael,Madison,35
Chloe,Jayden,42
Daniel ,Sophia,41
Lily,Mathew,41
Mila,William,45
Luke,Layla,23
Riley,Jack,24
Ellie,Grayson,25
Wyatt,Zoey,26
Ellizabeth,Gabriel,21
Henry,Luna,23
Julian ,Aubrey,24
Levi,Grace,28
Owen ,Penelope,29
Ryan,Victoria,22
Jaxon,Nora,28
Hannah,Leo,27
Lincon,Stella,25
Sammuel,Addison,31
Nathan,Bella,32
Natalie,David,33
Savannah,Adams,34
Brooklyn,Joseph,35
Maya,Eli,36
Skylar,Issac,23
Paisley,Anthony,24
Hazel,Caleb,54
Lilian,John,34
Lucy,Dylan,33
Audrey,Josiah,31
Alliah,Hunter,36
Zoe,Joshua,37
Jon,Snow,25